punto_id,punto_nombre,hora,precipitacion_mm,humedad_suelo_m3m3,saturacion_suelo_pct,temperatura_c,viento_kmh,es_pronostico
anelo_pueblo,Añelo Pueblo,2026-09-27T00:00,0.0,0.052,9.8,14.6,12.4,False
anelo_pueblo,Añelo Pueblo,2026-09-27T01:00,0.0,0.052,9.8,13.5,7.9,False
anelo_pueblo,Añelo Pueblo,2026-09-27T02:00,0.0,0.052,9.8,12.6,6.4,False
anelo_pueblo,Añelo Pueblo,2026-09-27T03:00,0.3,0.053,10.0,12.9,8.4,False
anelo_pueblo,Añelo Pueblo,2026-09-27T04:00,0.2,0.056,10.6,12.8,5.4,False
anelo_pueblo,Añelo Pueblo,2026-09-27T05:00,0.1,0.057,10.8,12.7,1.8,False
anelo_pueblo,Añelo Pueblo,2026-09-27T06:00,0.0,0.057,10.8,11.5,4.1,False
anelo_pueblo,Añelo Pueblo,2026-09-27T07:00,0.0,0.058,10.9,10.5,3.8,False
anelo_pueblo,Añelo Pueblo,2026-09-27T08:00,0.0,0.058,10.9,11.1,4.3,False
anelo_pueblo,Añelo Pueblo,2026-09-27T09:00,0.0,0.074,14.0,13.1,4.5,False
anelo_pueblo,Añelo Pueblo,2026-09-27T10:00,0.0,0.075,14.2,15.4,3.9,False
anelo_pueblo,Añelo Pueblo,2026-09-27T11:00,0.0,0.075,14.2,17.9,3.1,False
anelo_pueblo,Añelo Pueblo,2026-09-27T12:00,0.0,0.075,14.2,19.7,4.4,False
anelo_pueblo,Añelo Pueblo,2026-09-27T13:00,0.0,0.075,14.2,20.9,6.3,False
anelo_pueblo,Añelo Pueblo,2026-09-27T14:00,0.0,0.075,14.2,21.7,5.9,False
anelo_pueblo,Añelo Pueblo,2026-09-27T15:00,0.0,0.076,14.3,22.1,8.0,False
anelo_pueblo,Añelo Pueblo,2026-09-27T16:00,0.0,0.076,14.3,22.4,7.5,False
anelo_pueblo,Añelo Pueblo,2026-09-27T17:00,0.5,0.083,15.7,18.7,16.0,False
anelo_pueblo,Añelo Pueblo,2026-09-27T18:00,0.1,0.084,15.8,20.2,16.4,False
anelo_pueblo,Añelo Pueblo,2026-09-27T19:00,0.0,0.085,16.0,18.1,18.1,False
anelo_pueblo,Añelo Pueblo,2026-09-27T20:00,0.0,0.085,16.0,17.3,22.3,False
anelo_pueblo,Añelo Pueblo,2026-09-27T21:00,0.0,0.061,11.5,15.3,17.9,False
anelo_pueblo,Añelo Pueblo,2026-09-27T22:00,0.1,0.062,11.7,15.1,12.4,False
anelo_pueblo,Añelo Pueblo,2026-09-27T23:00,0.3,0.065,12.3,14.8,10.6,False
anelo_pueblo,Añelo Pueblo,2026-09-28T00:00,0.1,0.066,12.5,13.6,6.4,False
anelo_pueblo,Añelo Pueblo,2026-09-28T01:00,0.0,0.066,12.5,12.7,2.9,False
anelo_pueblo,Añelo Pueblo,2026-09-28T02:00,0.0,0.066,12.5,12.3,1.5,False
anelo_pueblo,Añelo Pueblo,2026-09-28T03:00,0.0,0.075,14.2,11.4,4.1,False
anelo_pueblo,Añelo Pueblo,2026-09-28T04:00,0.0,0.075,14.2,11.1,3.9,False
anelo_pueblo,Añelo Pueblo,2026-09-28T05:00,0.0,0.075,14.2,10.5,5.3,False
anelo_pueblo,Añelo Pueblo,2026-09-28T06:00,0.0,0.075,14.2,10.1,6.1,False
anelo_pueblo,Añelo Pueblo,2026-09-28T07:00,0.0,0.075,14.2,9.9,5.6,False
anelo_pueblo,Añelo Pueblo,2026-09-28T08:00,0.0,0.075,14.2,11.0,6.7,False
anelo_pueblo,Añelo Pueblo,2026-09-28T09:00,0.0,0.108,20.4,12.3,5.3,False
anelo_pueblo,Añelo Pueblo,2026-09-28T10:00,0.0,0.108,20.4,14.1,7.3,False
anelo_pueblo,Añelo Pueblo,2026-09-28T11:00,0.0,0.107,20.2,15.3,9.7,False
anelo_pueblo,Añelo Pueblo,2026-09-28T12:00,0.0,0.106,20.0,15.9,11.9,False
anelo_pueblo,Añelo Pueblo,2026-09-28T13:00,0.0,0.106,20.0,16.3,13.9,False
anelo_pueblo,Añelo Pueblo,2026-09-28T14:00,0.0,0.105,19.8,16.7,12.6,False
anelo_pueblo,Añelo Pueblo,2026-09-28T15:00,0.0,0.116,21.9,17.7,12.5,False
anelo_pueblo,Añelo Pueblo,2026-09-28T16:00,0.0,0.115,21.7,17.0,12.4,False
anelo_pueblo,Añelo Pueblo,2026-09-28T17:00,0.4,0.12,22.6,15.2,11.1,False
anelo_pueblo,Añelo Pueblo,2026-09-28T18:00,1.1,0.133,25.1,15.2,3.6,False
anelo_pueblo,Añelo Pueblo,2026-09-28T19:00,0.2,0.135,25.5,14.8,6.1,False
anelo_pueblo,Añelo Pueblo,2026-09-28T20:00,0.0,0.135,25.5,13.8,13.2,False
anelo_pueblo,Añelo Pueblo,2026-09-28T21:00,0.0,0.099,18.7,14.0,16.3,False
anelo_pueblo,Añelo Pueblo,2026-09-28T22:00,0.0,0.099,18.7,13.2,7.4,False
anelo_pueblo,Añelo Pueblo,2026-09-28T23:00,0.0,0.099,18.7,12.1,7.1,False
anelo_pueblo,Añelo Pueblo,2026-09-29T00:00,0.0,0.099,18.7,11.1,3.4,False
anelo_pueblo,Añelo Pueblo,2026-09-29T01:00,0.0,0.099,18.7,11.5,10.2,False
anelo_pueblo,Añelo Pueblo,2026-09-29T02:00,0.0,0.099,18.7,10.5,11.6,False
anelo_pueblo,Añelo Pueblo,2026-09-29T03:00,0.0,0.109,20.6,9.6,10.5,False
anelo_pueblo,Añelo Pueblo,2026-09-29T04:00,0.0,0.109,20.6,8.9,13.3,False
anelo_pueblo,Añelo Pueblo,2026-09-29T05:00,0.0,0.109,20.6,8.2,13.5,False
anelo_pueblo,Añelo Pueblo,2026-09-29T06:00,0.0,0.109,20.6,7.4,13.1,False
anelo_pueblo,Añelo Pueblo,2026-09-29T07:00,0.0,0.109,20.6,6.9,13.3,False
anelo_pueblo,Añelo Pueblo,2026-09-29T08:00,0.0,0.109,20.6,7.6,14.6,False
anelo_pueblo,Añelo Pueblo,2026-09-29T09:00,0.0,0.096,18.1,9.6,15.4,False
anelo_pueblo,Añelo Pueblo,2026-09-29T10:00,0.0,0.096,18.1,11.6,16.3,False
anelo_pueblo,Añelo Pueblo,2026-09-29T11:00,0.0,0.096,18.1,12.9,14.3,False
anelo_pueblo,Añelo Pueblo,2026-09-29T12:00,0.0,0.096,18.1,14.1,14.1,False
anelo_pueblo,Añelo Pueblo,2026-09-29T13:00,0.0,0.096,18.1,15.2,13.5,False
anelo_pueblo,Añelo Pueblo,2026-09-29T14:00,0.0,0.096,18.1,15.9,14.6,False
anelo_pueblo,Añelo Pueblo,2026-09-29T15:00,0.0,0.101,19.1,16.4,10.8,False
anelo_pueblo,Añelo Pueblo,2026-09-29T16:00,0.0,0.101,19.1,16.4,7.8,False
anelo_pueblo,Añelo Pueblo,2026-09-29T17:00,0.0,0.1,18.9,16.8,8.0,False
anelo_pueblo,Añelo Pueblo,2026-09-29T18:00,0.0,0.1,18.9,16.5,8.0,False
anelo_pueblo,Añelo Pueblo,2026-09-29T19:00,0.0,0.1,18.9,16.0,9.3,False
anelo_pueblo,Añelo Pueblo,2026-09-29T20:00,0.0,0.1,18.9,15.2,10.2,False
anelo_pueblo,Añelo Pueblo,2026-09-29T21:00,0.0,0.107,20.2,14.8,8.4,False
anelo_pueblo,Añelo Pueblo,2026-09-29T22:00,0.0,0.107,20.2,14.6,8.0,False
anelo_pueblo,Añelo Pueblo,2026-09-29T23:00,0.0,0.106,20.0,13.8,9.6,False
anelo_pueblo,Añelo Pueblo,2026-09-30T00:00,0.0,0.106,20.0,13.3,9.6,False
anelo_pueblo,Añelo Pueblo,2026-09-30T01:00,0.0,0.106,20.0,12.2,9.1,False
anelo_pueblo,Añelo Pueblo,2026-09-30T02:00,0.0,0.106,20.0,12.1,9.8,False
anelo_pueblo,Añelo Pueblo,2026-09-30T03:00,0.0,0.09,17.0,11.6,5.9,False
anelo_pueblo,Añelo Pueblo,2026-09-30T04:00,0.0,0.09,17.0,11.7,8.5,False
anelo_pueblo,Añelo Pueblo,2026-09-30T05:00,0.0,0.091,17.2,10.8,12.6,False
anelo_pueblo,Añelo Pueblo,2026-09-30T06:00,0.3,0.094,17.7,10.0,12.2,False
anelo_pueblo,Añelo Pueblo,2026-09-30T07:00,0.5,0.1,18.9,9.6,13.8,False
anelo_pueblo,Añelo Pueblo,2026-09-30T08:00,0.3,0.103,19.4,9.5,11.1,False
anelo_pueblo,Añelo Pueblo,2026-09-30T09:00,0.2,0.105,19.8,9.8,17.2,False
anelo_pueblo,Añelo Pueblo,2026-09-30T10:00,0.1,0.107,20.2,11.3,20.0,False
anelo_pueblo,Añelo Pueblo,2026-09-30T11:00,0.2,0.109,20.6,12.9,21.7,False
anelo_pueblo,Añelo Pueblo,2026-09-30T12:00,0.3,0.113,21.3,12.3,14.8,False
anelo_pueblo,Añelo Pueblo,2026-09-30T13:00,0.1,0.115,21.7,13.6,14.1,False
anelo_pueblo,Añelo Pueblo,2026-09-30T14:00,0.0,0.114,21.5,15.0,14.8,False
anelo_pueblo,Añelo Pueblo,2026-09-30T15:00,0.1,0.115,21.7,16.5,12.4,False
anelo_pueblo,Añelo Pueblo,2026-09-30T16:00,0.9,0.125,23.6,13.6,6.6,True
anelo_pueblo,Añelo Pueblo,2026-09-30T17:00,0.1,0.125,23.6,14.6,6.9,True
anelo_pueblo,Añelo Pueblo,2026-09-30T18:00,0.0,0.125,23.6,15.2,19.0,True
anelo_pueblo,Añelo Pueblo,2026-09-30T19:00,0.4,0.129,24.3,12.7,19.6,True
anelo_pueblo,Añelo Pueblo,2026-09-30T20:00,0.1,0.13,24.5,12.1,15.7,True
anelo_pueblo,Añelo Pueblo,2026-09-30T21:00,0.0,0.13,24.5,11.2,8.7,True
anelo_pueblo,Añelo Pueblo,2026-09-30T22:00,0.0,0.13,24.5,9.8,7.3,True
anelo_pueblo,Añelo Pueblo,2026-09-30T23:00,0.0,0.13,24.5,8.9,3.5,True
anelo_pueblo,Añelo Pueblo,2026-10-01T00:00,0.0,0.13,24.5,8.5,2.1,True
anelo_pueblo,Añelo Pueblo,2026-10-01T01:00,0.0,0.13,24.5,8.0,2.1,True
anelo_pueblo,Añelo Pueblo,2026-10-01T02:00,0.0,0.13,24.5,7.6,4.5,True
anelo_pueblo,Añelo Pueblo,2026-10-01T03:00,0.0,0.13,24.5,7.2,5.8,True
anelo_pueblo,Añelo Pueblo,2026-10-01T04:00,0.0,0.13,24.5,6.8,4.9,True
anelo_pueblo,Añelo Pueblo,2026-10-01T05:00,0.0,0.13,24.5,6.3,4.2,True
anelo_pueblo,Añelo Pueblo,2026-10-01T06:00,0.0,0.13,24.5,5.9,2.8,True
anelo_pueblo,Añelo Pueblo,2026-10-01T07:00,0.0,0.13,24.5,5.6,1.7,True
anelo_pueblo,Añelo Pueblo,2026-10-01T08:00,0.0,0.13,24.5,6.5,2.3,True
anelo_pueblo,Añelo Pueblo,2026-10-01T09:00,0.0,0.13,24.5,7.8,2.3,True
anelo_pueblo,Añelo Pueblo,2026-10-01T10:00,0.0,0.13,24.5,10.3,5.0,True
anelo_pueblo,Añelo Pueblo,2026-10-01T11:00,0.0,0.128,24.2,12.9,7.1,True
anelo_pueblo,Añelo Pueblo,2026-10-01T12:00,0.0,0.127,24.0,14.7,10.2,True
anelo_pueblo,Añelo Pueblo,2026-10-01T13:00,0.0,0.125,23.6,16.1,12.1,True
anelo_pueblo,Añelo Pueblo,2026-10-01T14:00,0.0,0.122,23.0,17.1,15.5,True
anelo_pueblo,Añelo Pueblo,2026-10-01T15:00,0.0,0.121,22.8,17.3,18.4,True
anelo_pueblo,Añelo Pueblo,2026-10-01T16:00,0.0,0.119,22.5,17.4,19.5,True
anelo_pueblo,Añelo Pueblo,2026-10-01T17:00,0.0,0.118,22.3,17.7,19.0,True
anelo_pueblo,Añelo Pueblo,2026-10-01T18:00,0.0,0.117,22.1,17.4,21.8,True
anelo_pueblo,Añelo Pueblo,2026-10-01T19:00,0.0,0.116,21.9,16.7,24.0,True
anelo_pueblo,Añelo Pueblo,2026-10-01T20:00,0.0,0.116,21.9,14.9,27.1,True
anelo_pueblo,Añelo Pueblo,2026-10-01T21:00,0.0,0.115,21.7,13.7,30.4,True
anelo_pueblo,Añelo Pueblo,2026-10-01T22:00,0.0,0.115,21.7,12.9,32.5,True
anelo_pueblo,Añelo Pueblo,2026-10-01T23:00,0.0,0.115,21.7,12.2,32.2,True
anelo_pueblo,Añelo Pueblo,2026-10-02T00:00,0.0,0.115,21.7,11.5,32.9,True
anelo_pueblo,Añelo Pueblo,2026-10-02T01:00,0.0,0.114,21.5,11.1,32.3,True
anelo_pueblo,Añelo Pueblo,2026-10-02T02:00,0.0,0.114,21.5,10.8,31.0,True
anelo_pueblo,Añelo Pueblo,2026-10-02T03:00,0.0,0.114,21.5,10.5,27.5,True
anelo_pueblo,Añelo Pueblo,2026-10-02T04:00,0.0,0.114,21.5,10.0,24.1,True
anelo_pueblo,Añelo Pueblo,2026-10-02T05:00,0.0,0.114,21.5,9.8,19.2,True
anelo_pueblo,Añelo Pueblo,2026-10-02T06:00,0.0,0.114,21.5,9.8,9.4,True
anelo_pueblo,Añelo Pueblo,2026-10-02T07:00,0.0,0.114,21.5,9.8,5.6,True
anelo_pueblo,Añelo Pueblo,2026-10-02T08:00,0.0,0.114,21.5,10.2,3.4,True
anelo_pueblo,Añelo Pueblo,2026-10-02T09:00,0.0,0.113,21.3,12.0,4.0,True
anelo_pueblo,Añelo Pueblo,2026-10-02T10:00,0.0,0.113,21.3,14.0,0.2,True
anelo_pueblo,Añelo Pueblo,2026-10-02T11:00,0.0,0.112,21.1,15.2,1.8,True
anelo_pueblo,Añelo Pueblo,2026-10-02T12:00,0.0,0.111,20.9,17.9,4.0,True
anelo_pueblo,Añelo Pueblo,2026-10-02T13:00,0.0,0.11,20.8,18.5,8.3,True
anelo_pueblo,Añelo Pueblo,2026-10-02T14:00,0.1,0.111,20.9,19.5,8.0,True
anelo_pueblo,Añelo Pueblo,2026-10-02T15:00,0.0,0.109,20.6,23.3,25.1,True
anelo_pueblo,Añelo Pueblo,2026-10-02T16:00,0.0,0.108,20.4,22.1,35.2,True
anelo_pueblo,Añelo Pueblo,2026-10-02T17:00,0.0,0.107,20.2,20.8,38.2,True
anelo_pueblo,Añelo Pueblo,2026-10-02T18:00,0.0,0.107,20.2,19.4,36.0,True
anelo_pueblo,Añelo Pueblo,2026-10-02T19:00,0.0,0.106,20.0,17.6,33.7,True
anelo_pueblo,Añelo Pueblo,2026-10-02T20:00,0.0,0.106,20.0,15.6,29.2,True
anelo_pueblo,Añelo Pueblo,2026-10-02T21:00,0.0,0.106,20.0,14.4,23.3,True
anelo_pueblo,Añelo Pueblo,2026-10-02T22:00,0.0,0.105,19.8,13.8,22.5,True
anelo_pueblo,Añelo Pueblo,2026-10-02T23:00,0.0,0.105,19.8,12.9,22.1,True
acceso_meseta,Acceso Meseta,2026-09-27T00:00,0.0,0.054,10.2,15.6,13.4,False
acceso_meseta,Acceso Meseta,2026-09-27T01:00,0.0,0.054,10.2,14.4,9.2,False
acceso_meseta,Acceso Meseta,2026-09-27T02:00,0.0,0.054,10.2,13.4,6.0,False
acceso_meseta,Acceso Meseta,2026-09-27T03:00,0.0,0.05,9.4,13.4,10.7,False
acceso_meseta,Acceso Meseta,2026-09-27T04:00,0.1,0.051,9.6,13.7,9.8,False
acceso_meseta,Acceso Meseta,2026-09-27T05:00,0.1,0.052,9.8,12.9,5.2,False
acceso_meseta,Acceso Meseta,2026-09-27T06:00,0.1,0.053,10.0,11.7,3.9,False
acceso_meseta,Acceso Meseta,2026-09-27T07:00,0.0,0.053,10.0,11.0,4.2,False
acceso_meseta,Acceso Meseta,2026-09-27T08:00,0.0,0.053,10.0,11.7,5.5,False
acceso_meseta,Acceso Meseta,2026-09-27T09:00,0.0,0.065,12.3,14.0,5.8,False
acceso_meseta,Acceso Meseta,2026-09-27T10:00,0.0,0.065,12.3,16.4,4.0,False
acceso_meseta,Acceso Meseta,2026-09-27T11:00,0.0,0.065,12.3,18.6,2.5,False
acceso_meseta,Acceso Meseta,2026-09-27T12:00,0.0,0.065,12.3,20.5,0.7,False
acceso_meseta,Acceso Meseta,2026-09-27T13:00,0.0,0.065,12.3,21.7,2.5,False
acceso_meseta,Acceso Meseta,2026-09-27T14:00,0.0,0.065,12.3,22.7,2.5,False
acceso_meseta,Acceso Meseta,2026-09-27T15:00,0.0,0.068,12.8,23.3,2.5,False
acceso_meseta,Acceso Meseta,2026-09-27T16:00,0.0,0.067,12.6,24.4,7.1,False
acceso_meseta,Acceso Meseta,2026-09-27T17:00,0.0,0.068,12.8,21.7,18.1,False
acceso_meseta,Acceso Meseta,2026-09-27T18:00,0.1,0.07,13.2,21.5,21.4,False
acceso_meseta,Acceso Meseta,2026-09-27T19:00,0.1,0.07,13.2,18.7,22.9,False
acceso_meseta,Acceso Meseta,2026-09-27T20:00,0.0,0.071,13.4,18.3,23.7,False
acceso_meseta,Acceso Meseta,2026-09-27T21:00,0.0,0.053,10.0,16.4,18.6,False
acceso_meseta,Acceso Meseta,2026-09-27T22:00,0.1,0.055,10.4,15.9,15.5,False
acceso_meseta,Acceso Meseta,2026-09-27T23:00,0.2,0.057,10.8,15.6,13.0,False
acceso_meseta,Acceso Meseta,2026-09-28T00:00,0.0,0.058,10.9,14.4,5.8,False
acceso_meseta,Acceso Meseta,2026-09-28T01:00,0.0,0.058,10.9,13.5,3.1,False
acceso_meseta,Acceso Meseta,2026-09-28T02:00,0.0,0.058,10.9,12.9,3.1,False
acceso_meseta,Acceso Meseta,2026-09-28T03:00,0.0,0.067,12.6,12.1,4.2,False
acceso_meseta,Acceso Meseta,2026-09-28T04:00,0.0,0.067,12.6,11.8,4.6,False
acceso_meseta,Acceso Meseta,2026-09-28T05:00,0.0,0.067,12.6,11.2,5.2,False
acceso_meseta,Acceso Meseta,2026-09-28T06:00,0.0,0.067,12.6,10.6,5.4,False
acceso_meseta,Acceso Meseta,2026-09-28T07:00,0.0,0.067,12.6,10.3,5.4,False
acceso_meseta,Acceso Meseta,2026-09-28T08:00,0.0,0.068,12.8,11.3,7.8,False
acceso_meseta,Acceso Meseta,2026-09-28T09:00,0.0,0.07,13.2,12.5,4.3,False
acceso_meseta,Acceso Meseta,2026-09-28T10:00,0.0,0.07,13.2,14.7,5.2,False
acceso_meseta,Acceso Meseta,2026-09-28T11:00,0.0,0.07,13.2,16.3,6.1,False
acceso_meseta,Acceso Meseta,2026-09-28T12:00,0.0,0.07,13.2,17.2,8.6,False
acceso_meseta,Acceso Meseta,2026-09-28T13:00,0.0,0.07,13.2,17.8,11.6,False
acceso_meseta,Acceso Meseta,2026-09-28T14:00,0.0,0.069,13.0,18.4,11.2,False
acceso_meseta,Acceso Meseta,2026-09-28T15:00,0.0,0.083,15.7,18.8,11.5,False
acceso_meseta,Acceso Meseta,2026-09-28T16:00,0.0,0.084,15.8,18.4,11.8,False
acceso_meseta,Acceso Meseta,2026-09-28T17:00,0.1,0.085,16.0,16.8,11.3,False
acceso_meseta,Acceso Meseta,2026-09-28T18:00,0.5,0.092,17.4,15.6,4.6,False
acceso_meseta,Acceso Meseta,2026-09-28T19:00,0.3,0.095,17.9,15.3,6.0,False
acceso_meseta,Acceso Meseta,2026-09-28T20:00,0.0,0.095,17.9,14.6,10.6,False
acceso_meseta,Acceso Meseta,2026-09-28T21:00,0.0,0.064,12.1,14.2,11.8,False
acceso_meseta,Acceso Meseta,2026-09-28T22:00,0.0,0.064,12.1,14.2,7.7,False
acceso_meseta,Acceso Meseta,2026-09-28T23:00,0.0,0.064,12.1,13.2,7.6,False
acceso_meseta,Acceso Meseta,2026-09-29T00:00,0.0,0.064,12.1,12.0,5.2,False
acceso_meseta,Acceso Meseta,2026-09-29T01:00,0.0,0.064,12.1,12.3,14.0,False
acceso_meseta,Acceso Meseta,2026-09-29T02:00,0.0,0.064,12.1,11.0,14.0,False
acceso_meseta,Acceso Meseta,2026-09-29T03:00,0.0,0.071,13.4,10.1,11.3,False
acceso_meseta,Acceso Meseta,2026-09-29T04:00,0.0,0.071,13.4,9.4,14.5,False
acceso_meseta,Acceso Meseta,2026-09-29T05:00,0.0,0.071,13.4,8.7,17.2,False
acceso_meseta,Acceso Meseta,2026-09-29T06:00,0.0,0.071,13.4,8.0,16.9,False
acceso_meseta,Acceso Meseta,2026-09-29T07:00,0.0,0.071,13.4,7.4,15.9,False
acceso_meseta,Acceso Meseta,2026-09-29T08:00,0.0,0.071,13.4,7.9,15.6,False
acceso_meseta,Acceso Meseta,2026-09-29T09:00,0.0,0.063,11.9,10.2,15.7,False
acceso_meseta,Acceso Meseta,2026-09-29T10:00,0.0,0.063,11.9,12.4,16.9,False
acceso_meseta,Acceso Meseta,2026-09-29T11:00,0.0,0.063,11.9,13.8,14.2,False
acceso_meseta,Acceso Meseta,2026-09-29T12:00,0.0,0.063,11.9,15.1,11.9,False
acceso_meseta,Acceso Meseta,2026-09-29T13:00,0.0,0.063,11.9,16.0,11.3,False
acceso_meseta,Acceso Meseta,2026-09-29T14:00,0.0,0.063,11.9,16.8,13.8,False
acceso_meseta,Acceso Meseta,2026-09-29T15:00,0.0,0.066,12.5,17.2,10.8,False
acceso_meseta,Acceso Meseta,2026-09-29T16:00,0.0,0.066,12.5,17.3,7.6,False
acceso_meseta,Acceso Meseta,2026-09-29T17:00,0.0,0.066,12.5,17.4,7.2,False
acceso_meseta,Acceso Meseta,2026-09-29T18:00,0.0,0.066,12.5,17.2,8.2,False
acceso_meseta,Acceso Meseta,2026-09-29T19:00,0.0,0.066,12.5,16.6,9.7,False
acceso_meseta,Acceso Meseta,2026-09-29T20:00,0.0,0.066,12.5,16.1,9.6,False
acceso_meseta,Acceso Meseta,2026-09-29T21:00,0.0,0.073,13.8,15.7,11.4,False
acceso_meseta,Acceso Meseta,2026-09-29T22:00,0.0,0.073,13.8,15.3,13.3,False
acceso_meseta,Acceso Meseta,2026-09-29T23:00,0.0,0.073,13.8,14.4,14.2,False
acceso_meseta,Acceso Meseta,2026-09-30T00:00,0.0,0.073,13.8,13.5,12.8,False
acceso_meseta,Acceso Meseta,2026-09-30T01:00,0.0,0.073,13.8,12.4,10.8,False
acceso_meseta,Acceso Meseta,2026-09-30T02:00,0.0,0.073,13.8,12.3,12.0,False
acceso_meseta,Acceso Meseta,2026-09-30T03:00,0.0,0.065,12.3,11.9,10.5,False
acceso_meseta,Acceso Meseta,2026-09-30T04:00,0.0,0.065,12.3,11.9,14.4,False
acceso_meseta,Acceso Meseta,2026-09-30T05:00,0.0,0.065,12.3,11.0,16.7,False
acceso_meseta,Acceso Meseta,2026-09-30T06:00,0.2,0.068,12.8,10.2,15.0,False
acceso_meseta,Acceso Meseta,2026-09-30T07:00,0.4,0.073,13.8,9.9,16.1,False
acceso_meseta,Acceso Meseta,2026-09-30T08:00,0.3,0.075,14.2,9.8,13.1,False
acceso_meseta,Acceso Meseta,2026-09-30T09:00,0.2,0.078,14.7,10.2,20.9,False
acceso_meseta,Acceso Meseta,2026-09-30T10:00,0.1,0.079,14.9,11.6,21.4,False
acceso_meseta,Acceso Meseta,2026-09-30T11:00,0.5,0.085,16.0,12.8,22.0,False
acceso_meseta,Acceso Meseta,2026-09-30T12:00,0.3,0.089,16.8,12.9,14.8,False
acceso_meseta,Acceso Meseta,2026-09-30T13:00,0.1,0.089,16.8,14.5,13.1,False
acceso_meseta,Acceso Meseta,2026-09-30T14:00,0.1,0.09,17.0,15.3,14.3,False
acceso_meseta,Acceso Meseta,2026-09-30T15:00,0.1,0.092,17.4,16.9,10.5,False
acceso_meseta,Acceso Meseta,2026-09-30T16:00,0.9,0.102,19.2,15.6,9.2,True
acceso_meseta,Acceso Meseta,2026-09-30T17:00,0.2,0.105,19.8,14.8,7.1,True
acceso_meseta,Acceso Meseta,2026-09-30T18:00,0.0,0.105,19.8,16.4,11.1,True
acceso_meseta,Acceso Meseta,2026-09-30T19:00,0.1,0.105,19.8,13.4,20.9,True
acceso_meseta,Acceso Meseta,2026-09-30T20:00,0.1,0.107,20.2,12.9,16.1,True
acceso_meseta,Acceso Meseta,2026-09-30T21:00,0.0,0.107,20.2,12.1,8.4,True
acceso_meseta,Acceso Meseta,2026-09-30T22:00,0.0,0.107,20.2,10.9,6.7,True
acceso_meseta,Acceso Meseta,2026-09-30T23:00,0.0,0.107,20.2,10.1,2.0,True
acceso_meseta,Acceso Meseta,2026-10-01T00:00,0.0,0.107,20.2,9.6,2.0,True
acceso_meseta,Acceso Meseta,2026-10-01T01:00,0.0,0.107,20.2,8.8,3.1,True
acceso_meseta,Acceso Meseta,2026-10-01T02:00,0.0,0.107,20.2,8.0,4.9,True
acceso_meseta,Acceso Meseta,2026-10-01T03:00,0.0,0.107,20.2,7.4,4.8,True
acceso_meseta,Acceso Meseta,2026-10-01T04:00,0.0,0.107,20.2,7.0,3.5,True
acceso_meseta,Acceso Meseta,2026-10-01T05:00,0.0,0.107,20.2,6.5,2.8,True
acceso_meseta,Acceso Meseta,2026-10-01T06:00,0.0,0.107,20.2,6.2,3.0,True
acceso_meseta,Acceso Meseta,2026-10-01T07:00,0.0,0.107,20.2,5.8,3.5,True
acceso_meseta,Acceso Meseta,2026-10-01T08:00,0.0,0.107,20.2,6.8,3.6,True
acceso_meseta,Acceso Meseta,2026-10-01T09:00,0.0,0.107,20.2,8.2,1.3,True
acceso_meseta,Acceso Meseta,2026-10-01T10:00,0.0,0.107,20.2,11.1,7.7,True
acceso_meseta,Acceso Meseta,2026-10-01T11:00,0.0,0.106,20.0,13.3,9.4,True
acceso_meseta,Acceso Meseta,2026-10-01T12:00,0.0,0.105,19.8,15.1,12.7,True
acceso_meseta,Acceso Meseta,2026-10-01T13:00,0.0,0.104,19.6,16.5,15.9,True
acceso_meseta,Acceso Meseta,2026-10-01T14:00,0.0,0.103,19.4,17.3,18.7,True
acceso_meseta,Acceso Meseta,2026-10-01T15:00,0.0,0.102,19.2,17.7,21.6,True
acceso_meseta,Acceso Meseta,2026-10-01T16:00,0.0,0.102,19.2,17.9,23.2,True
acceso_meseta,Acceso Meseta,2026-10-01T17:00,0.0,0.101,19.1,18.3,22.8,True
acceso_meseta,Acceso Meseta,2026-10-01T18:00,0.0,0.1,18.9,17.8,26.5,True
acceso_meseta,Acceso Meseta,2026-10-01T19:00,0.0,0.1,18.9,17.3,27.0,True
acceso_meseta,Acceso Meseta,2026-10-01T20:00,0.0,0.1,18.9,15.0,31.1,True
acceso_meseta,Acceso Meseta,2026-10-01T21:00,0.0,0.1,18.9,14.1,33.3,True
acceso_meseta,Acceso Meseta,2026-10-01T22:00,0.0,0.1,18.9,13.3,32.4,True
acceso_meseta,Acceso Meseta,2026-10-01T23:00,0.0,0.1,18.9,12.6,33.2,True
acceso_meseta,Acceso Meseta,2026-10-02T00:00,0.0,0.1,18.9,12.1,36.0,True
acceso_meseta,Acceso Meseta,2026-10-02T01:00,0.0,0.099,18.7,11.6,35.1,True
acceso_meseta,Acceso Meseta,2026-10-02T02:00,0.0,0.099,18.7,11.1,33.4,True
acceso_meseta,Acceso Meseta,2026-10-02T03:00,0.0,0.099,18.7,10.9,28.6,True
acceso_meseta,Acceso Meseta,2026-10-02T04:00,0.0,0.099,18.7,10.4,24.3,True
acceso_meseta,Acceso Meseta,2026-10-02T05:00,0.0,0.099,18.7,10.3,20.8,True
acceso_meseta,Acceso Meseta,2026-10-02T06:00,0.0,0.099,18.7,10.1,15.3,True
acceso_meseta,Acceso Meseta,2026-10-02T07:00,0.0,0.099,18.7,10.0,11.4,True
acceso_meseta,Acceso Meseta,2026-10-02T08:00,0.0,0.099,18.7,10.3,6.1,True
acceso_meseta,Acceso Meseta,2026-10-02T09:00,0.0,0.099,18.7,12.1,5.9,True
acceso_meseta,Acceso Meseta,2026-10-02T10:00,0.0,0.099,18.7,13.8,3.8,True
acceso_meseta,Acceso Meseta,2026-10-02T11:00,0.0,0.098,18.5,15.3,1.3,True
acceso_meseta,Acceso Meseta,2026-10-02T12:00,0.0,0.098,18.5,18.7,2.3,True
acceso_meseta,Acceso Meseta,2026-10-02T13:00,0.0,0.097,18.3,19.8,4.5,True
acceso_meseta,Acceso Meseta,2026-10-02T14:00,0.0,0.097,18.3,21.0,11.0,True
acceso_meseta,Acceso Meseta,2026-10-02T15:00,0.0,0.097,18.3,23.9,33.3,True
acceso_meseta,Acceso Meseta,2026-10-02T16:00,0.0,0.096,18.1,22.7,36.2,True
acceso_meseta,Acceso Meseta,2026-10-02T17:00,0.0,0.096,18.1,21.6,37.8,True
acceso_meseta,Acceso Meseta,2026-10-02T18:00,0.0,0.096,18.1,20.2,36.6,True
acceso_meseta,Acceso Meseta,2026-10-02T19:00,0.0,0.095,17.9,18.3,34.9,True
acceso_meseta,Acceso Meseta,2026-10-02T20:00,0.0,0.095,17.9,16.5,27.5,True
acceso_meseta,Acceso Meseta,2026-10-02T21:00,0.0,0.095,17.9,15.0,20.6,True
acceso_meseta,Acceso Meseta,2026-10-02T22:00,0.0,0.095,17.9,14.4,22.7,True
acceso_meseta,Acceso Meseta,2026-10-02T23:00,0.0,0.095,17.9,13.5,19.9,True
tratayen_sur,Tratayén / Sector Sur,2026-09-27T00:00,0.0,0.094,17.7,14.6,4.5,False
tratayen_sur,Tratayén / Sector Sur,2026-09-27T01:00,0.4,0.099,18.7,14.0,1.9,False
tratayen_sur,Tratayén / Sector Sur,2026-09-27T02:00,0.1,0.1,18.9,13.8,2.3,False
tratayen_sur,Tratayén / Sector Sur,2026-09-27T03:00,0.0,0.096,18.1,13.9,2.8,False
tratayen_sur,Tratayén / Sector Sur,2026-09-27T04:00,0.1,0.096,18.1,13.1,3.1,False
tratayen_sur,Tratayén / Sector Sur,2026-09-27T05:00,0.1,0.098,18.5,12.3,2.2,False
tratayen_sur,Tratayén / Sector Sur,2026-09-27T06:00,0.1,0.099,18.7,11.6,1.2,False
tratayen_sur,Tratayén / Sector Sur,2026-09-27T07:00,0.0,0.099,18.7,11.1,0.6,False
tratayen_sur,Tratayén / Sector Sur,2026-09-27T08:00,0.0,0.099,18.7,11.5,1.6,False
tratayen_sur,Tratayén / Sector Sur,2026-09-27T09:00,0.0,0.143,27.0,12.7,4.9,False
tratayen_sur,Tratayén / Sector Sur,2026-09-27T10:00,0.0,0.143,27.0,14.9,5.2,False
tratayen_sur,Tratayén / Sector Sur,2026-09-27T11:00,0.0,0.142,26.8,16.9,6.4,False
tratayen_sur,Tratayén / Sector Sur,2026-09-27T12:00,0.0,0.14,26.4,18.6,7.2,False
tratayen_sur,Tratayén / Sector Sur,2026-09-27T13:00,0.0,0.138,26.0,20.1,6.7,False
tratayen_sur,Tratayén / Sector Sur,2026-09-27T14:00,0.0,0.135,25.5,21.0,7.9,False
tratayen_sur,Tratayén / Sector Sur,2026-09-27T15:00,0.0,0.135,25.5,21.9,10.1,False
tratayen_sur,Tratayén / Sector Sur,2026-09-27T16:00,0.0,0.133,25.1,21.9,11.3,False
tratayen_sur,Tratayén / Sector Sur,2026-09-27T17:00,0.0,0.132,24.9,20.6,19.7,False
tratayen_sur,Tratayén / Sector Sur,2026-09-27T18:00,0.2,0.134,25.3,19.7,15.3,False
tratayen_sur,Tratayén / Sector Sur,2026-09-27T19:00,0.2,0.136,25.7,16.3,19.3,False
tratayen_sur,Tratayén / Sector Sur,2026-09-27T20:00,0.0,0.135,25.5,15.1,9.7,False
tratayen_sur,Tratayén / Sector Sur,2026-09-27T21:00,0.0,0.12,22.6,14.9,10.3,False
tratayen_sur,Tratayén / Sector Sur,2026-09-27T22:00,0.0,0.12,22.6,14.4,10.8,False
tratayen_sur,Tratayén / Sector Sur,2026-09-27T23:00,0.1,0.121,22.8,13.5,7.4,False
tratayen_sur,Tratayén / Sector Sur,2026-09-28T00:00,0.0,0.121,22.8,12.9,7.2,False
tratayen_sur,Tratayén / Sector Sur,2026-09-28T01:00,0.0,0.122,23.0,12.1,5.3,False
tratayen_sur,Tratayén / Sector Sur,2026-09-28T02:00,0.0,0.122,23.0,11.6,4.5,False
tratayen_sur,Tratayén / Sector Sur,2026-09-28T03:00,0.0,0.13,24.5,11.5,8.9,False
tratayen_sur,Tratayén / Sector Sur,2026-09-28T04:00,0.0,0.13,24.5,11.1,9.9,False
tratayen_sur,Tratayén / Sector Sur,2026-09-28T05:00,0.0,0.13,24.5,10.8,11.5,False
tratayen_sur,Tratayén / Sector Sur,2026-09-28T06:00,0.0,0.13,24.5,10.4,9.1,False
tratayen_sur,Tratayén / Sector Sur,2026-09-28T07:00,0.0,0.13,24.5,9.7,5.9,False
tratayen_sur,Tratayén / Sector Sur,2026-09-28T08:00,0.0,0.13,24.5,10.7,3.7,False
tratayen_sur,Tratayén / Sector Sur,2026-09-28T09:00,0.0,0.139,26.2,12.0,3.5,False
tratayen_sur,Tratayén / Sector Sur,2026-09-28T10:00,0.0,0.138,26.0,13.7,7.9,False
tratayen_sur,Tratayén / Sector Sur,2026-09-28T11:00,0.0,0.136,25.7,15.0,12.1,False
tratayen_sur,Tratayén / Sector Sur,2026-09-28T12:00,0.0,0.135,25.5,15.9,13.9,False
tratayen_sur,Tratayén / Sector Sur,2026-09-28T13:00,0.0,0.133,25.1,16.3,14.0,False
tratayen_sur,Tratayén / Sector Sur,2026-09-28T14:00,0.0,0.131,24.7,16.7,11.4,False
tratayen_sur,Tratayén / Sector Sur,2026-09-28T15:00,0.0,0.137,25.8,17.8,12.8,False
tratayen_sur,Tratayén / Sector Sur,2026-09-28T16:00,0.0,0.135,25.5,17.8,10.9,False
tratayen_sur,Tratayén / Sector Sur,2026-09-28T17:00,0.0,0.134,25.3,16.7,12.2,False
tratayen_sur,Tratayén / Sector Sur,2026-09-28T18:00,0.0,0.133,25.1,16.0,8.7,False
tratayen_sur,Tratayén / Sector Sur,2026-09-28T19:00,0.0,0.133,25.1,15.7,5.9,False
tratayen_sur,Tratayén / Sector Sur,2026-09-28T20:00,0.0,0.132,24.9,15.2,10.4,False
tratayen_sur,Tratayén / Sector Sur,2026-09-28T21:00,0.0,0.147,27.7,14.0,2.3,False
tratayen_sur,Tratayén / Sector Sur,2026-09-28T22:00,0.4,0.152,28.7,12.7,12.7,False
tratayen_sur,Tratayén / Sector Sur,2026-09-28T23:00,0.3,0.155,29.2,12.3,6.7,False
tratayen_sur,Tratayén / Sector Sur,2026-09-29T00:00,0.1,0.156,29.4,11.1,13.4,False
tratayen_sur,Tratayén / Sector Sur,2026-09-29T01:00,0.0,0.156,29.4,10.9,8.6,False
tratayen_sur,Tratayén / Sector Sur,2026-09-29T02:00,0.0,0.156,29.4,10.8,12.9,False
tratayen_sur,Tratayén / Sector Sur,2026-09-29T03:00,0.0,0.161,30.4,10.0,15.2,False
tratayen_sur,Tratayén / Sector Sur,2026-09-29T04:00,0.0,0.161,30.4,9.7,15.5,False
tratayen_sur,Tratayén / Sector Sur,2026-09-29T05:00,0.0,0.161,30.4,8.9,14.8,False
tratayen_sur,Tratayén / Sector Sur,2026-09-29T06:00,0.0,0.161,30.4,8.1,13.5,False
tratayen_sur,Tratayén / Sector Sur,2026-09-29T07:00,0.0,0.161,30.4,7.8,13.2,False
tratayen_sur,Tratayén / Sector Sur,2026-09-29T08:00,0.0,0.16,30.2,8.5,12.3,False
tratayen_sur,Tratayén / Sector Sur,2026-09-29T09:00,0.0,0.16,30.2,10.1,14.1,False
tratayen_sur,Tratayén / Sector Sur,2026-09-29T10:00,0.0,0.159,30.0,11.5,13.8,False
tratayen_sur,Tratayén / Sector Sur,2026-09-29T11:00,0.0,0.157,29.6,12.6,13.2,False
tratayen_sur,Tratayén / Sector Sur,2026-09-29T12:00,0.0,0.155,29.2,14.0,13.7,False
tratayen_sur,Tratayén / Sector Sur,2026-09-29T13:00,0.0,0.152,28.7,15.0,13.6,False
tratayen_sur,Tratayén / Sector Sur,2026-09-29T14:00,0.0,0.149,28.1,15.6,11.7,False
tratayen_sur,Tratayén / Sector Sur,2026-09-29T15:00,0.0,0.147,27.7,16.4,10.9,False
tratayen_sur,Tratayén / Sector Sur,2026-09-29T16:00,0.0,0.145,27.4,16.2,6.9,False
tratayen_sur,Tratayén / Sector Sur,2026-09-29T17:00,0.0,0.143,27.0,16.1,2.7,False
tratayen_sur,Tratayén / Sector Sur,2026-09-29T18:00,0.0,0.142,26.8,16.1,2.8,False
tratayen_sur,Tratayén / Sector Sur,2026-09-29T19:00,0.0,0.141,26.6,15.7,3.9,False
tratayen_sur,Tratayén / Sector Sur,2026-09-29T20:00,0.0,0.141,26.6,14.9,1.3,False
tratayen_sur,Tratayén / Sector Sur,2026-09-29T21:00,0.0,0.149,28.1,14.4,2.0,False
tratayen_sur,Tratayén / Sector Sur,2026-09-29T22:00,0.0,0.149,28.1,13.8,3.9,False
tratayen_sur,Tratayén / Sector Sur,2026-09-29T23:00,0.0,0.149,28.1,13.4,5.2,False
tratayen_sur,Tratayén / Sector Sur,2026-09-30T00:00,0.0,0.148,27.9,12.9,6.9,False
tratayen_sur,Tratayén / Sector Sur,2026-09-30T01:00,0.0,0.148,27.9,12.6,6.9,False
tratayen_sur,Tratayén / Sector Sur,2026-09-30T02:00,0.0,0.148,27.9,12.0,14.3,False
tratayen_sur,Tratayén / Sector Sur,2026-09-30T03:00,0.0,0.131,24.7,10.9,20.3,False
tratayen_sur,Tratayén / Sector Sur,2026-09-30T04:00,0.0,0.131,24.7,10.6,19.3,False
tratayen_sur,Tratayén / Sector Sur,2026-09-30T05:00,0.0,0.131,24.7,10.1,16.4,False
tratayen_sur,Tratayén / Sector Sur,2026-09-30T06:00,0.3,0.134,25.3,9.6,15.3,False
tratayen_sur,Tratayén / Sector Sur,2026-09-30T07:00,0.5,0.14,26.4,9.2,16.4,False
tratayen_sur,Tratayén / Sector Sur,2026-09-30T08:00,0.5,0.146,27.5,8.9,18.3,False
tratayen_sur,Tratayén / Sector Sur,2026-09-30T09:00,0.3,0.15,28.3,9.1,18.5,False
tratayen_sur,Tratayén / Sector Sur,2026-09-30T10:00,0.0,0.151,28.5,10.9,18.9,False
tratayen_sur,Tratayén / Sector Sur,2026-09-30T11:00,0.2,0.153,28.9,12.9,18.6,False
tratayen_sur,Tratayén / Sector Sur,2026-09-30T12:00,0.3,0.156,29.4,13.2,16.3,False
tratayen_sur,Tratayén / Sector Sur,2026-09-30T13:00,0.5,0.161,30.4,12.9,11.7,False
tratayen_sur,Tratayén / Sector Sur,2026-09-30T14:00,0.0,0.159,30.0,15.2,8.8,False
tratayen_sur,Tratayén / Sector Sur,2026-09-30T15:00,0.1,0.157,29.6,15.8,6.1,False
tratayen_sur,Tratayén / Sector Sur,2026-09-30T16:00,0.3,0.159,30.0,14.3,8.2,True
tratayen_sur,Tratayén / Sector Sur,2026-09-30T17:00,0.5,0.165,31.1,13.5,6.2,True
tratayen_sur,Tratayén / Sector Sur,2026-09-30T18:00,0.2,0.166,31.3,13.4,11.6,True
tratayen_sur,Tratayén / Sector Sur,2026-09-30T19:00,0.0,0.165,31.1,13.0,12.4,True
tratayen_sur,Tratayén / Sector Sur,2026-09-30T20:00,0.0,0.165,31.1,11.4,13.2,True
tratayen_sur,Tratayén / Sector Sur,2026-09-30T21:00,0.0,0.165,31.1,10.0,8.7,True
tratayen_sur,Tratayén / Sector Sur,2026-09-30T22:00,0.0,0.165,31.1,9.3,7.1,True
tratayen_sur,Tratayén / Sector Sur,2026-09-30T23:00,0.0,0.165,31.1,8.5,4.2,True
tratayen_sur,Tratayén / Sector Sur,2026-10-01T00:00,0.0,0.165,31.1,8.0,1.9,True
tratayen_sur,Tratayén / Sector Sur,2026-10-01T01:00,0.0,0.165,31.1,7.6,2.8,True
tratayen_sur,Tratayén / Sector Sur,2026-10-01T02:00,0.0,0.165,31.1,7.3,2.8,True
tratayen_sur,Tratayén / Sector Sur,2026-10-01T03:00,0.0,0.165,31.1,7.0,3.5,True
tratayen_sur,Tratayén / Sector Sur,2026-10-01T04:00,0.0,0.165,31.1,6.7,1.9,True
tratayen_sur,Tratayén / Sector Sur,2026-10-01T05:00,0.0,0.165,31.1,6.5,1.6,True
tratayen_sur,Tratayén / Sector Sur,2026-10-01T06:00,0.0,0.165,31.1,6.5,1.1,True
tratayen_sur,Tratayén / Sector Sur,2026-10-01T07:00,0.0,0.165,31.1,6.5,3.8,True
tratayen_sur,Tratayén / Sector Sur,2026-10-01T08:00,0.0,0.165,31.1,6.6,5.9,True
tratayen_sur,Tratayén / Sector Sur,2026-10-01T09:00,0.0,0.165,31.1,7.2,4.4,True
tratayen_sur,Tratayén / Sector Sur,2026-10-01T10:00,0.0,0.164,30.9,8.8,2.5,True
tratayen_sur,Tratayén / Sector Sur,2026-10-01T11:00,0.0,0.163,30.8,11.2,3.6,True
tratayen_sur,Tratayén / Sector Sur,2026-10-01T12:00,0.0,0.16,30.2,13.0,5.6,True
tratayen_sur,Tratayén / Sector Sur,2026-10-01T13:00,0.0,0.158,29.8,15.1,5.0,True
tratayen_sur,Tratayén / Sector Sur,2026-10-01T14:00,0.0,0.155,29.2,16.7,2.2,True
tratayen_sur,Tratayén / Sector Sur,2026-10-01T15:00,0.0,0.151,28.5,17.6,9.8,True
tratayen_sur,Tratayén / Sector Sur,2026-10-01T16:00,0.0,0.149,28.1,17.2,17.4,True
tratayen_sur,Tratayén / Sector Sur,2026-10-01T17:00,0.0,0.147,27.7,17.0,18.9,True
tratayen_sur,Tratayén / Sector Sur,2026-10-01T18:00,0.0,0.146,27.5,17.0,20.4,True
tratayen_sur,Tratayén / Sector Sur,2026-10-01T19:00,0.0,0.145,27.4,16.0,21.8,True
tratayen_sur,Tratayén / Sector Sur,2026-10-01T20:00,0.0,0.144,27.2,14.5,19.8,True
tratayen_sur,Tratayén / Sector Sur,2026-10-01T21:00,0.0,0.144,27.2,13.3,24.9,True
tratayen_sur,Tratayén / Sector Sur,2026-10-01T22:00,0.0,0.143,27.0,12.6,29.2,True
tratayen_sur,Tratayén / Sector Sur,2026-10-01T23:00,0.0,0.143,27.0,12.3,35.1,True
tratayen_sur,Tratayén / Sector Sur,2026-10-02T00:00,0.0,0.142,26.8,11.8,39.1,True
tratayen_sur,Tratayén / Sector Sur,2026-10-02T01:00,0.0,0.142,26.8,11.3,38.8,True
tratayen_sur,Tratayén / Sector Sur,2026-10-02T02:00,0.0,0.142,26.8,11.1,36.4,True
tratayen_sur,Tratayén / Sector Sur,2026-10-02T03:00,0.0,0.141,26.6,11.0,34.1,True
tratayen_sur,Tratayén / Sector Sur,2026-10-02T04:00,0.0,0.141,26.6,10.8,26.8,True
tratayen_sur,Tratayén / Sector Sur,2026-10-02T05:00,0.0,0.141,26.6,10.7,16.9,True
tratayen_sur,Tratayén / Sector Sur,2026-10-02T06:00,0.0,0.14,26.4,10.6,5.1,True
tratayen_sur,Tratayén / Sector Sur,2026-10-02T07:00,0.0,0.14,26.4,10.2,1.6,True
tratayen_sur,Tratayén / Sector Sur,2026-10-02T08:00,0.0,0.14,26.4,10.9,2.0,True
tratayen_sur,Tratayén / Sector Sur,2026-10-02T09:00,0.0,0.14,26.4,12.1,5.6,True
tratayen_sur,Tratayén / Sector Sur,2026-10-02T10:00,0.0,0.139,26.2,13.3,7.3,True
tratayen_sur,Tratayén / Sector Sur,2026-10-02T11:00,0.0,0.138,26.0,14.5,6.7,True
tratayen_sur,Tratayén / Sector Sur,2026-10-02T12:00,0.0,0.137,25.8,15.8,4.7,True
tratayen_sur,Tratayén / Sector Sur,2026-10-02T13:00,0.0,0.135,25.5,17.4,5.2,True
tratayen_sur,Tratayén / Sector Sur,2026-10-02T14:00,0.0,0.133,25.1,19.0,5.4,True
tratayen_sur,Tratayén / Sector Sur,2026-10-02T15:00,0.1,0.132,24.9,19.6,14.4,True
tratayen_sur,Tratayén / Sector Sur,2026-10-02T16:00,0.1,0.131,24.7,20.7,19.4,True
tratayen_sur,Tratayén / Sector Sur,2026-10-02T17:00,0.0,0.129,24.3,20.6,38.5,True
tratayen_sur,Tratayén / Sector Sur,2026-10-02T18:00,0.0,0.127,24.0,19.3,39.6,True
tratayen_sur,Tratayén / Sector Sur,2026-10-02T19:00,0.0,0.126,23.8,17.7,35.9,True
tratayen_sur,Tratayén / Sector Sur,2026-10-02T20:00,0.0,0.126,23.8,15.8,32.5,True
tratayen_sur,Tratayén / Sector Sur,2026-10-02T21:00,0.0,0.125,23.6,14.9,28.6,True
tratayen_sur,Tratayén / Sector Sur,2026-10-02T22:00,0.0,0.125,23.6,14.0,22.6,True
tratayen_sur,Tratayén / Sector Sur,2026-10-02T23:00,0.0,0.125,23.6,13.3,21.8,True
